INSERT INTO public."admin" (id,username,"password") VALUES 
(1,'admin','admin')
;INSERT INTO public.categories ("name",description,image) VALUES 
('vehilce','long luxury car','https://www.getyourguide.com/queens-new-york-city-l87699/new-york-jfk-airport-private-limousine-transfer-t183464/?utm_force=0')
,('vehilce','can also be used to crush your friend''s great grandson','https://images-na.ssl-images-amazon.com/images/I/61Bhc5GRMVL._SL1200_.jpg')
,('tools','where you put your cards and money, but not trading card','https://images-na.ssl-images-amazon.com/images/I/91Dv9wC1UOL._AC_SL1500_.jpg')
,('weapons','clasic six shooters','https://www.fusil-calais.com/en/2652-winchester-45-special-co2-revolver-22-joules.html')
,('vehilce','four stroke sports bike from kamen rider series','https://auto.ndtvimg.com/bike-images/colors/honda/cbr-1000rr/honda-cbr-1000rr-victory-red.webp?v=16')
,('weapons','standard army assault riffle','https://upload.wikimedia.org/wikipedia/commons/3/39/PEO_M4_Carbine_RAS_M68_CCO.jpg')
,('tools','Bag for runners','https://shop.r10s.jp/mischief/cabinet/fw18_2/10056705.jpg')
,('tools','anti insect spray','https://shopee.co.id/Baygon-Aerosol-Insektisida-Spray-Flower-Garden-600ml-120ml-i.42150135.1443555060')
,('weapons','hold it and be the leech king','https://i.ebayimg.com/images/g/sdEAAOSwiQ9ZO4ZU/s-l1600.jpg')
,('vehilce','car used by tofu deliveries','https://images-na.ssl-images-amazon.com/images/I/61JtDYfQyyL._SL1500_.jpg')
;INSERT INTO public.customers (forename,surename,add1,add2,add3,postcode,phone,registered) VALUES 
('giorno','giovana','italy',NULL,NULL,'20133','+13574536',true)
,('higashitaka','josuke','japan','morioh',NULL,'53239','+4623864',true)
,('Jeans Pierre','polnaref','French',NULL,NULL,'44672','+4636235',false)
,('Hol','Horse','egypt',NULL,NULL,'34924','+3263474565',false)
,('kujo','jotaro','japan',NULL,NULL,'65843','+4643773236',false)
,('dio','brando','egypt','england','italy','64527','+664884375',false)
,('guido','mista','italy',NULL,NULL,'34835','+464823502',true)
,('bruno','buciarati','italy',NULL,NULL,'43692','+554346224',true)
,('Kishibe','Rohan','japan','french',NULL,'65704','+437657659',true)
,('chalie','van houten','indonesia',NULL,NULL,'40116','+628547347326',false)
;INSERT INTO public.delivery_addresses (id,forname,surname,add1,add2,add3,postcode,phone,email) VALUES 
(1,'giorno ','giovana','italy',NULL,NULL,'20133','+13574536','giogio@gmail.com')
,(2,'kujo','jotaro','japan',NULL,NULL,'65843','+4643773236','starplat@yahoo.com')
,(3,'higashikata','josuke','japan',NULL,NULL,'53239','+4623864','crydiamond@hotmail.com')
,(4,'dio','brando','egypt','england','italy','64527','+664884375','zawarudo@tokiwotomare.com')
,(5,'guido','mista','italy',NULL,NULL,'34835','+464823502','spistol@gmail.com')
,(6,'bruno','buciarati','italy',NULL,NULL,'43692','+554346224','stickyf@ymail.com')
,(7,'jeans piere','polnaref','french',NULL,NULL,'44672','+4636235','jppol@hotmail.com')
,(8,'hol','horse','egypt',NULL,NULL,'34924','+3263474565','emperorh@gmail.com')
,(9,'Kishibe','Rohan','japan','french',NULL,'65704','+437657659','heavensdoor@gmail.com')
,(10,'chalie','van houten','indonesia',NULL,NULL,'40116','+628547347326','charliest12')
;INSERT INTO public.logins (customer_id,username,"password") VALUES 
(4,'diobrando','zawarudo')
,(8,'holhorse','emperor')
,(1,'goldexperience','requiem')
,(2,'starplatinum','zawarudo')
,(3,'crazydiamond','illfixthis')
,(5,'sexpistols','nofours')
,(6,'stickyfingers','zipperman')
,(7,'silverchariot','requiem')
,(9,'heavensdoor','mangaforever')
,(10,'charliest12','sasukewannabe')
;INSERT INTO public.order_items (order_id,product_id,quantity) VALUES 
(2,2,1)
,(3,3,1)
,(4,7,3)
,(5,9,2)
,(6,10,2)
,(7,8,4)
,(8,7,1)
,(9,6,2)
,(10,5,1)
,(1,1,5)
;INSERT INTO public.orders (customer_id,registered,payment_type,delivery_add_id,"date",status,total) VALUES 
(4,false,'credit',4,'2018-11-29','cancelled',7942)
,(9,true,'credit',9,'2002-12-04','pending',1237)
,(10,true,'cash',10,'2020-10-21','paid',5396)
,(2,false,'credit',2,'1999-09-09','cancelled',2572)
,(3,false,'credit',3,'1999-09-19','cancelled',1064)
,(5,false,'credit',5,'1999-09-29','cancelled',3608)
,(4,true,'cash',4,'1988-06-08','paid',6487)
,(4,true,'credit',4,'1988-08-18','pending',6822)
,(10,true,'credit',10,'2019-01-19','pending',7594)
,(1,false,'cash',1,'2001-07-11','cancelled',6765)
;INSERT INTO public.products (cat_id,"name",description,image,price) VALUES 
(1,'Limousine','long luxury car','https://www.getyourguide.com/queens-new-york-city-l87699/new-york-jfk-airport-private-limousine-transfer-t183464/?utm_force=0',100000)
,(2,'Road Roller','can also be used to crush your friend''s great grandson','https://images-na.ssl-images-amazon.com/images/I/61Bhc5GRMVL._SL1200_.jpg',500000)
,(3,'walet','where you put your cards and money, but not trading card','https://images-na.ssl-images-amazon.com/images/I/91Dv9wC1UOL._AC_SL1500_.jpg',10)
,(4,'revolver','clasic six shooters','https://www.fusil-calais.com/en/2652-winchester-45-special-co2-revolver-22-joules.html',1000)
,(5,'CBR1000RR','four stroke sports bike from kamen rider series','https://auto.ndtvimg.com/bike-images/colors/honda/cbr-1000rr/honda-cbr-1000rr-victory-red.webp?v=16',150000)
,(6,'M4 carbine','standard army assault riffle','https://upload.wikimedia.org/wikipedia/commons/3/39/PEO_M4_Carbine_RAS_M68_CCO.jpg',10000)
,(7,'NIKE Body Bag','Bag for runners','https://shop.r10s.jp/mischief/cabinet/fw18_2/10056705.jpg',100)
,(8,'Baygon','anti insect spray','https://shopee.co.id/Baygon-Aerosol-Insektisida-Spray-Flower-Garden-600ml-120ml-i.42150135.1443555060',15)
,(9,'Frostmourne','hold it and be the leech king','https://i.ebayimg.com/images/g/sdEAAOSwiQ9ZO4ZU/s-l1600.jpg',9999999)
,(10,'AE86','car used by tofu deliveries','https://images-na.ssl-images-amazon.com/images/I/61JtDYfQyyL._SL1500_.jpg',24000)
;